{"stats":{"minecraft:dropped":{"minecraft:wheat_seeds":3,"minecraft:clay_ball":1,"minecraft:dirt":9,"minecraft:flower_pot":2,"minecraft:jungle_log":13,"minecraft:sand":1,"minecraft:wooden_pickaxe":1},"minecraft:killed":{"minecraft:pig":1,"minecraft:spider":1,"minecraft:iron_golem":1,"minecraft:creeper":1,"minecraft:sheep":11,"minecraft:zombie":1,"minecraft:cow":2},"minecraft:picked_up":{"minecraft:cocoa_beans":2,"minecraft:lime_bed":2,"minecraft:crafting_table":1,"minecraft:wheat":20,"minecraft:cut_sandstone":8,"minecraft:flower_pot":2,"minecraft:clay_ball":1,"minecraft:jungle_log":36,"minecraft:leather":4,"minecraft:smooth_sandstone_stairs":12,"minecraft:brewing_stand":1,"minecraft:gunpowder":2,"minecraft:dirt":152,"minecraft:string":2,"minecraft:smooth_sandstone":2,"minecraft:beetroot":1,"minecraft:wheat_seeds":13,"minecraft:beef":2,"minecraft:iron_ingot":4,"minecraft:jungle_sapling":1,"minecraft:bamboo":30,"minecraft:melon_slice":48,"minecraft:sugar_cane":47,"minecraft:chest":3,"minecraft:stick":2,"minecraft:jungle_door":3,"minecraft:composter":2,"minecraft:sand":41,"minecraft:porkchop":3,"minecraft:cyan_bed":1,"minecraft:cactus":7,"minecraft:rotten_flesh":4,"minecraft:beetroot_seeds":2,"minecraft:hay_block":87,"minecraft:emerald":5,"minecraft:bread":10,"minecraft:oak_sapling":5,"minecraft:mutton":17,"minecraft:white_wool":11,"minecraft:cobblestone":25},"minecraft:mined":{"minecraft:cut_sandstone":9,"minecraft:farmland":7,"minecraft:oak_sapling":1,"minecraft:jungle_door":3,"minecraft:melon_stem":1,"minecraft:jungle_leaves":6,"minecraft:potted_cactus":2,"minecraft:brewing_stand":1,"minecraft:smooth_sandstone":2,"minecraft:crafting_table":1,"minecraft:short_grass":23,"minecraft:grass_block":65,"minecraft:melon":10,"minecraft:chest":3,"minecraft:jungle_log":35,"minecraft:dead_bush":1,"minecraft:cyan_bed":1,"minecraft:composter":2,"minecraft:sugar_cane":21,"minecraft:seagrass":5,"minecraft:hay_block":87,"minecraft:tall_seagrass":1,"minecraft:lime_bed":2,"minecraft:wheat":5,"minecraft:beetroots":1,"minecraft:vine":4,"minecraft:sand":40,"minecraft:dirt":67,"minecraft:smooth_sandstone_stairs":13,"minecraft:bamboo":2,"minecraft:stone":25,"minecraft:oak_leaves":9,"minecraft:fern":2},"minecraft:custom":{"minecraft:interact_with_furnace":1,"minecraft:mob_kills":19,"minecraft:animals_bred":1,"minecraft:interact_with_crafting_table":7,"minecraft:leave_game":1,"minecraft:time_since_death":44866,"minecraft:sleep_in_bed":1,"minecraft:climb_one_cm":2817,"minecraft:time_since_rest":9305,"minecraft:sprint_one_cm":126441,"minecraft:damage_taken":321,"minecraft:walk_one_cm":112052,"minecraft:drop":8,"minecraft:damage_dealt":2824,"minecraft:swim_one_cm":5151,"minecraft:talked_to_villager":2,"minecraft:fly_one_cm":245032,"minecraft:open_chest":20,"minecraft:crouch_one_cm":10228,"minecraft:play_time":44866,"minecraft:sneak_time":2481,"minecraft:walk_under_water_one_cm":547,"minecraft:jump":1090,"minecraft:walk_on_water_one_cm":5015,"minecraft:total_world_time":44866,"minecraft:fall_one_cm":30051},"minecraft:broken":{"minecraft:stone_shovel":1},"minecraft:crafted":{"minecraft:stone_shovel":1,"minecraft:crafting_table":1,"minecraft:wooden_pickaxe":1,"minecraft:furnace":1,"minecraft:stone_axe":1,"minecraft:jungle_planks":32,"minecraft:stick":16,"minecraft:stone_pickaxe":1,"minecraft:stone_sword":1},"minecraft:used":{"minecraft:stone_sword":74,"minecraft:stone_shovel":132,"minecraft:stone_pickaxe":31,"minecraft:chest":2,"minecraft:wooden_pickaxe":37,"minecraft:sugar_cane":13,"minecraft:dirt":125,"minecraft:crafting_table":2,"minecraft:bread":4,"minecraft:cyan_bed":1,"minecraft:melon_slice":23,"minecraft:smooth_sandstone":2,"minecraft:jungle_log":2,"minecraft:stone_axe":67,"minecraft:hay_block":8,"minecraft:furnace":1,"minecraft:jungle_door":3}},"DataVersion":3953}