{"stats":{"minecraft:dropped":{"minecraft:dirt":9,"minecraft:jungle_log":13,"minecraft:wooden_pickaxe":1},"minecraft:killed":{"minecraft:sheep":2},"minecraft:picked_up":{"minecraft:stick":2,"minecraft:crafting_table":1,"minecraft:jungle_log":35,"minecraft:dirt":9,"minecraft:jungle_sapling":1,"minecraft:bamboo":30,"minecraft:oak_sapling":5,"minecraft:mutton":3,"minecraft:white_wool":2,"minecraft:cobblestone":25},"minecraft:mined":{"minecraft:oak_sapling":1,"minecraft:jungle_leaves":6,"minecraft:crafting_table":1,"minecraft:short_grass":3,"minecraft:grass_block":2,"minecraft:vine":4,"minecraft:jungle_log":35,"minecraft:dirt":7,"minecraft:bamboo":2,"minecraft:stone":25,"minecraft:oak_leaves":9},"minecraft:custom":{"minecraft:time_since_rest":9891,"minecraft:sprint_one_cm":13052,"minecraft:walk_one_cm":24468,"minecraft:mob_kills":2,"minecraft:drop":3,"minecraft:damage_dealt":160,"minecraft:interact_with_crafting_table":3,"minecraft:fly_one_cm":21921,"minecraft:crouch_one_cm":2255,"minecraft:play_time":9891,"minecraft:sneak_time":645,"minecraft:jump":201,"minecraft:time_since_death":9891,"minecraft:total_world_time":9891,"minecraft:climb_one_cm":787,"minecraft:fall_one_cm":4005},"minecraft:crafted":{"minecraft:crafting_table":1,"minecraft:stick":16,"minecraft:wooden_pickaxe":1,"minecraft:stone_pickaxe":1,"minecraft:stone_sword":1,"minecraft:stone_axe":1,"minecraft:jungle_planks":32},"minecraft:used":{"minecraft:stone_sword":8,"minecraft:jungle_log":2,"minecraft:wooden_pickaxe":37,"minecraft:stone_axe":41,"minecraft:crafting_table":1}},"DataVersion":3953}