{"stats":{"minecraft:dropped":{"minecraft:wheat_seeds":3,"minecraft:rotten_flesh":14,"minecraft:clay_ball":1,"minecraft:poppy":6,"minecraft:dirt":9,"minecraft:flower_pot":2,"minecraft:jungle_log":13,"minecraft:sand":1,"minecraft:wooden_pickaxe":1},"minecraft:killed":{"minecraft:pig":2,"minecraft:spider":1,"minecraft:iron_golem":7,"minecraft:creeper":1,"minecraft:sheep":11,"minecraft:zombie":1,"minecraft:cow":2},"minecraft:picked_up":{"minecraft:cocoa_beans":2,"minecraft:lime_bed":3,"minecraft:crafting_table":1,"minecraft:wheat":24,"minecraft:cut_sandstone":12,"minecraft:flower_pot":2,"minecraft:clay_ball":1,"minecraft:jungle_log":36,"minecraft:leather":4,"minecraft:smooth_sandstone_stairs":12,"minecraft:brewing_stand":1,"minecraft:gunpowder":2,"minecraft:dirt":262,"minecraft:string":2,"minecraft:smooth_sandstone":6,"minecraft:beetroot":1,"minecraft:red_sand":1,"minecraft:wheat_seeds":13,"minecraft:beef":2,"minecraft:iron_ingot":26,"minecraft:poppy":6,"minecraft:jungle_sapling":1,"minecraft:bamboo":30,"minecraft:melon_slice":48,"minecraft:sugar_cane":47,"minecraft:chest":4,"minecraft:book":1,"minecraft:stick":5,"minecraft:sandstone":2,"minecraft:jungle_door":3,"minecraft:composter":2,"minecraft:torch":1,"minecraft:green_bed":5,"minecraft:sand":149,"minecraft:porkchop":6,"minecraft:loom":2,"minecraft:dead_bush":2,"minecraft:cyan_bed":6,"minecraft:cactus":18,"minecraft:rotten_flesh":4,"minecraft:beetroot_seeds":2,"minecraft:hay_block":93,"minecraft:emerald":5,"minecraft:bread":11,"minecraft:terracotta":2,"minecraft:oak_sapling":5,"minecraft:mutton":17,"minecraft:white_wool":11,"minecraft:cobblestone":33},"minecraft:mined":{"minecraft:cut_sandstone":13,"minecraft:farmland":7,"minecraft:oak_sapling":1,"minecraft:jungle_door":3,"minecraft:melon_stem":1,"minecraft:jungle_leaves":6,"minecraft:potted_cactus":2,"minecraft:brewing_stand":1,"minecraft:smooth_sandstone":6,"minecraft:crafting_table":1,"minecraft:short_grass":23,"minecraft:red_sand":1,"minecraft:grass_block":114,"minecraft:melon":10,"minecraft:chest":4,"minecraft:jungle_log":35,"minecraft:dead_bush":4,"minecraft:cobblestone":8,"minecraft:cyan_bed":6,"minecraft:composter":2,"minecraft:sugar_cane":21,"minecraft:sandstone":2,"minecraft:seagrass":5,"minecraft:hay_block":93,"minecraft:tall_seagrass":1,"minecraft:lime_bed":3,"minecraft:wheat":5,"minecraft:beetroots":1,"minecraft:vine":4,"minecraft:loom":2,"minecraft:sand":148,"minecraft:dirt":128,"minecraft:smooth_sandstone_stairs":13,"minecraft:terracotta":2,"minecraft:bamboo":2,"minecraft:stone":25,"minecraft:oak_leaves":9,"minecraft:green_bed":5,"minecraft:fern":2},"minecraft:custom":{"minecraft:interact_with_furnace":1,"minecraft:mob_kills":26,"minecraft:animals_bred":3,"minecraft:interact_with_crafting_table":10,"minecraft:leave_game":1,"minecraft:time_since_death":68866,"minecraft:sleep_in_bed":3,"minecraft:climb_one_cm":2817,"minecraft:time_since_rest":6110,"minecraft:sprint_one_cm":187642,"minecraft:damage_taken":401,"minecraft:walk_one_cm":172795,"minecraft:drop":11,"minecraft:damage_dealt":8492,"minecraft:swim_one_cm":7527,"minecraft:talked_to_villager":2,"minecraft:fly_one_cm":368012,"minecraft:open_chest":41,"minecraft:crouch_one_cm":18715,"minecraft:play_time":68866,"minecraft:sneak_time":6542,"minecraft:walk_under_water_one_cm":922,"minecraft:jump":1699,"minecraft:walk_on_water_one_cm":5890,"minecraft:total_world_time":68866,"minecraft:fall_one_cm":45262},"minecraft:broken":{"minecraft:stone_sword":1,"minecraft:stone_shovel":1},"minecraft:crafted":{"minecraft:stone_shovel":1,"minecraft:crafting_table":1,"minecraft:wooden_pickaxe":1,"minecraft:furnace":1,"minecraft:stone_axe":1,"minecraft:bread":6,"minecraft:jungle_planks":32,"minecraft:stick":16,"minecraft:stone_pickaxe":1,"minecraft:stone_sword":1,"minecraft:iron_shovel":1},"minecraft:used":{"minecraft:red_sand":1,"minecraft:iron_shovel":146,"minecraft:stone_sword":133,"minecraft:dead_bush":2,"minecraft:stone_shovel":132,"minecraft:stone_pickaxe":57,"minecraft:chest":2,"minecraft:wooden_pickaxe":37,"minecraft:cut_sandstone":2,"minecraft:green_bed":5,"minecraft:sugar_cane":13,"minecraft:torch":1,"minecraft:terracotta":1,"minecraft:sand":53,"minecraft:dirt":194,"minecraft:lime_bed":2,"minecraft:crafting_table":2,"minecraft:bread":10,"minecraft:cyan_bed":6,"minecraft:melon_slice":23,"minecraft:smooth_sandstone":2,"minecraft:jungle_log":2,"minecraft:bamboo":30,"minecraft:stone_axe":105,"minecraft:cobblestone":8,"minecraft:hay_block":8,"minecraft:furnace":1,"minecraft:jungle_door":3}},"DataVersion":3953}