{"stats":{"minecraft:dropped":{"minecraft:wheat_seeds":3,"minecraft:clay_ball":1,"minecraft:dirt":9,"minecraft:flower_pot":2,"minecraft:jungle_log":13,"minecraft:sand":1,"minecraft:wooden_pickaxe":1},"minecraft:killed":{"minecraft:spider":1,"minecraft:iron_golem":1,"minecraft:creeper":1,"minecraft:sheep":11,"minecraft:zombie":1,"minecraft:cow":2},"minecraft:picked_up":{"minecraft:cocoa_beans":2,"minecraft:lime_bed":1,"minecraft:crafting_table":1,"minecraft:wheat":8,"minecraft:flower_pot":2,"minecraft:clay_ball":1,"minecraft:jungle_log":36,"minecraft:leather":4,"minecraft:brewing_stand":1,"minecraft:gunpowder":2,"minecraft:dirt":23,"minecraft:string":2,"minecraft:smooth_sandstone":2,"minecraft:wheat_seeds":3,"minecraft:beef":2,"minecraft:iron_ingot":4,"minecraft:jungle_sapling":1,"minecraft:bamboo":30,"minecraft:melon_slice":48,"minecraft:sugar_cane":37,"minecraft:chest":2,"minecraft:stick":2,"minecraft:composter":2,"minecraft:sand":2,"minecraft:porkchop":1,"minecraft:cyan_bed":1,"minecraft:cactus":2,"minecraft:rotten_flesh":3,"minecraft:hay_block":77,"minecraft:emerald":5,"minecraft:bread":5,"minecraft:oak_sapling":5,"minecraft:mutton":17,"minecraft:white_wool":11,"minecraft:cobblestone":25},"minecraft:mined":{"minecraft:cut_sandstone":1,"minecraft:oak_sapling":1,"minecraft:jungle_leaves":6,"minecraft:potted_cactus":2,"minecraft:brewing_stand":1,"minecraft:smooth_sandstone":2,"minecraft:crafting_table":1,"minecraft:short_grass":13,"minecraft:grass_block":2,"minecraft:melon":10,"minecraft:chest":2,"minecraft:jungle_log":35,"minecraft:cyan_bed":1,"minecraft:composter":2,"minecraft:sugar_cane":18,"minecraft:hay_block":77,"minecraft:lime_bed":1,"minecraft:vine":4,"minecraft:sand":1,"minecraft:dirt":8,"minecraft:smooth_sandstone_stairs":1,"minecraft:bamboo":2,"minecraft:stone":25,"minecraft:oak_leaves":9,"minecraft:fern":2},"minecraft:custom":{"minecraft:interact_with_furnace":1,"minecraft:mob_kills":17,"minecraft:interact_with_crafting_table":6,"minecraft:leave_game":1,"minecraft:time_since_death":32866,"minecraft:climb_one_cm":2817,"minecraft:time_since_rest":32866,"minecraft:sprint_one_cm":97606,"minecraft:damage_taken":261,"minecraft:walk_one_cm":64543,"minecraft:drop":8,"minecraft:damage_dealt":2640,"minecraft:swim_one_cm":5151,"minecraft:fly_one_cm":210217,"minecraft:open_chest":5,"minecraft:crouch_one_cm":3596,"minecraft:play_time":32866,"minecraft:sneak_time":1365,"minecraft:walk_under_water_one_cm":547,"minecraft:jump":945,"minecraft:walk_on_water_one_cm":3470,"minecraft:total_world_time":32866,"minecraft:fall_one_cm":26730},"minecraft:crafted":{"minecraft:crafting_table":1,"minecraft:wooden_pickaxe":1,"minecraft:furnace":1,"minecraft:stone_axe":1,"minecraft:jungle_planks":32,"minecraft:stick":16,"minecraft:stone_pickaxe":1,"minecraft:stone_sword":1},"minecraft:used":{"minecraft:stone_sword":70,"minecraft:stone_pickaxe":9,"minecraft:chest":2,"minecraft:wooden_pickaxe":37,"minecraft:dirt":2,"minecraft:crafting_table":2,"minecraft:cyan_bed":1,"minecraft:melon_slice":23,"minecraft:smooth_sandstone":2,"minecraft:jungle_log":2,"minecraft:stone_axe":62,"minecraft:hay_block":8,"minecraft:furnace":1}},"DataVersion":3953}