{"stats":{"minecraft:dropped":{"minecraft:dirt":9,"minecraft:flower_pot":2,"minecraft:wheat_seeds":1,"minecraft:jungle_log":13,"minecraft:wooden_pickaxe":1},"minecraft:killed":{"minecraft:sheep":11,"minecraft:zombie":1,"minecraft:spider":1,"minecraft:creeper":1,"minecraft:cow":2},"minecraft:picked_up":{"minecraft:cocoa_beans":2,"minecraft:stick":2,"minecraft:crafting_table":1,"minecraft:composter":1,"minecraft:flower_pot":2,"minecraft:jungle_log":36,"minecraft:leather":4,"minecraft:porkchop":1,"minecraft:brewing_stand":1,"minecraft:gunpowder":2,"minecraft:string":2,"minecraft:dirt":22,"minecraft:cactus":2,"minecraft:rotten_flesh":3,"minecraft:wheat_seeds":3,"minecraft:beef":2,"minecraft:chest":1,"minecraft:jungle_sapling":1,"minecraft:bamboo":30,"minecraft:oak_sapling":5,"minecraft:melon_slice":48,"minecraft:sugar_cane":37,"minecraft:mutton":17,"minecraft:white_wool":11,"minecraft:cobblestone":25},"minecraft:mined":{"minecraft:oak_sapling":1,"minecraft:jungle_leaves":6,"minecraft:potted_cactus":2,"minecraft:brewing_stand":1,"minecraft:crafting_table":1,"minecraft:short_grass":13,"minecraft:grass_block":2,"minecraft:melon":10,"minecraft:vine":4,"minecraft:chest":1,"minecraft:jungle_log":35,"minecraft:dirt":7,"minecraft:composter":1,"minecraft:bamboo":2,"minecraft:stone":25,"minecraft:sugar_cane":18,"minecraft:oak_leaves":9,"minecraft:fern":2},"minecraft:custom":{"minecraft:time_since_rest":21891,"minecraft:sprint_one_cm":71959,"minecraft:damage_taken":231,"minecraft:walk_one_cm":40498,"minecraft:mob_kills":16,"minecraft:drop":5,"minecraft:damage_dealt":1640,"minecraft:swim_one_cm":5151,"minecraft:interact_with_crafting_table":3,"minecraft:fly_one_cm":160151,"minecraft:open_chest":1,"minecraft:crouch_one_cm":2266,"minecraft:play_time":21891,"minecraft:sneak_time":655,"minecraft:walk_under_water_one_cm":547,"minecraft:jump":742,"minecraft:walk_on_water_one_cm":3413,"minecraft:time_since_death":21891,"minecraft:total_world_time":21891,"minecraft:climb_one_cm":2817,"minecraft:fall_one_cm":19479},"minecraft:crafted":{"minecraft:crafting_table":1,"minecraft:stick":16,"minecraft:wooden_pickaxe":1,"minecraft:stone_pickaxe":1,"minecraft:stone_sword":1,"minecraft:stone_axe":1,"minecraft:jungle_planks":32},"minecraft:used":{"minecraft:stone_sword":49,"minecraft:melon_slice":14,"minecraft:stone_pickaxe":3,"minecraft:jungle_log":2,"minecraft:wooden_pickaxe":37,"minecraft:stone_axe":58,"minecraft:crafting_table":1}},"DataVersion":3953}