{"stats":{"minecraft:broken":{"minecraft:stone_sword":1,"minecraft:stone_shovel":1},"minecraft:mined":{"minecraft:farmland":7,"minecraft:stone_pressure_plate":1,"minecraft:oak_sapling":1,"minecraft:jungle_leaves":6,"minecraft:potted_cactus":2,"minecraft:brewing_stand":1,"minecraft:red_sand":1,"minecraft:grass_block":114,"minecraft:jungle_log":35,"minecraft:composter":2,"minecraft:sandstone":13,"minecraft:hay_block":93,"minecraft:tall_seagrass":1,"minecraft:chiseled_sandstone":1,"minecraft:vine":4,"minecraft:smooth_sandstone_stairs":13,"minecraft:bamboo":2,"minecraft:stone":27,"minecraft:green_bed":5,"minecraft:cut_sandstone":15,"minecraft:jungle_door":3,"minecraft:melon_stem":1,"minecraft:orange_terracotta":3,"minecraft:crafting_table":2,"minecraft:smooth_sandstone":6,"minecraft:short_grass":23,"minecraft:melon":10,"minecraft:chest":10,"minecraft:dead_bush":4,"minecraft:cobblestone":8,"minecraft:cyan_bed":6,"minecraft:sugar_cane":21,"minecraft:seagrass":5,"minecraft:lime_bed":3,"minecraft:wheat":5,"minecraft:tnt":9,"minecraft:beetroots":1,"minecraft:dirt":128,"minecraft:loom":2,"minecraft:sand":162,"minecraft:terracotta":6,"minecraft:oak_leaves":9,"minecraft:fern":2},"minecraft:killed_by":{"minecraft:creeper":1},"minecraft:custom":{"minecraft:mob_kills":26,"minecraft:animals_bred":3,"minecraft:interact_with_crafting_table":10,"minecraft:leave_game":3,"minecraft:time_since_death":733,"minecraft:climb_one_cm":2817,"minecraft:sprint_one_cm":257185,"minecraft:walk_one_cm":184789,"minecraft:drop":12,"minecraft:talked_to_villager":2,"minecraft:play_time":85175,"minecraft:deaths":1,"minecraft:sneak_time":7179,"minecraft:walk_under_water_one_cm":1505,"minecraft:jump":2475,"minecraft:walk_on_water_one_cm":7153,"minecraft:total_world_time":85175,"minecraft:interact_with_furnace":1,"minecraft:sleep_in_bed":3,"minecraft:time_since_rest":1475,"minecraft:damage_taken":777,"minecraft:damage_dealt":8492,"minecraft:swim_one_cm":19445,"minecraft:fly_one_cm":594726,"minecraft:open_chest":49,"minecraft:crouch_one_cm":20382,"minecraft:fall_one_cm":72832},"minecraft:used":{"minecraft:red_sand":1,"minecraft:stone_sword":133,"minecraft:iron_shovel":146,"minecraft:dead_bush":2,"minecraft:stone_shovel":132,"minecraft:chest":2,"minecraft:torch":1,"minecraft:dirt":194,"minecraft:smooth_sandstone":2,"minecraft:jungle_log":2,"minecraft:bamboo":30,"minecraft:hay_block":8,"minecraft:furnace":1,"minecraft:orange_terracotta":3,"minecraft:stone_pickaxe":90,"minecraft:wooden_pickaxe":37,"minecraft:sandstone":11,"minecraft:cut_sandstone":4,"minecraft:green_bed":5,"minecraft:sugar_cane":13,"minecraft:sand":54,"minecraft:terracotta":5,"minecraft:crafting_table":2,"minecraft:lime_bed":2,"minecraft:chiseled_sandstone":1,"minecraft:melon_slice":23,"minecraft:cyan_bed":6,"minecraft:bread":16,"minecraft:stone_axe":112,"minecraft:cobblestone":9,"minecraft:jungle_door":3},"minecraft:crafted":{"minecraft:stone_shovel":1,"minecraft:furnace":1,"minecraft:stone_pickaxe":1,"minecraft:crafting_table":1,"minecraft:wooden_pickaxe":1,"minecraft:stone_axe":1,"minecraft:bread":6,"minecraft:jungle_planks":32,"minecraft:stick":16,"minecraft:stone_sword":1,"minecraft:iron_shovel":1},"minecraft:dropped":{"minecraft:wheat_seeds":3,"minecraft:dirt":9,"minecraft:sand":1,"minecraft:rotten_flesh":14,"minecraft:clay_ball":1,"minecraft:poppy":6,"minecraft:flower_pot":2,"minecraft:jungle_log":13,"minecraft:stone_pressure_plate":1,"minecraft:wooden_pickaxe":1},"minecraft:picked_up":{"minecraft:cocoa_beans":2,"minecraft:crafting_table":2,"minecraft:wheat":24,"minecraft:clay_ball":1,"minecraft:flower_pot":2,"minecraft:golden_pickaxe":1,"minecraft:enchanted_book":1,"minecraft:brewing_stand":1,"minecraft:string":18,"minecraft:flint_and_steel":2,"minecraft:beetroot":1,"minecraft:red_sand":1,"minecraft:gold_nugget":17,"minecraft:beef":2,"minecraft:jungle_sapling":1,"minecraft:poppy":6,"minecraft:chest":10,"minecraft:melon_slice":48,"minecraft:sugar_cane":47,"minecraft:stick":5,"minecraft:sandstone":13,"minecraft:jungle_door":3,"minecraft:composter":2,"minecraft:torch":1,"minecraft:green_bed":5,"minecraft:porkchop":6,"minecraft:carrot":4,"minecraft:goat_horn":1,"minecraft:stone_pressure_plate":1,"minecraft:tnt":9,"minecraft:cactus":18,"minecraft:rotten_flesh":24,"minecraft:beetroot_seeds":2,"minecraft:hay_block":93,"minecraft:saddle":2,"minecraft:gold_ingot":8,"minecraft:mutton":17,"minecraft:obsidian":2,"minecraft:white_wool":11,"minecraft:cobblestone":35,"minecraft:lime_bed":3,"minecraft:dune_armor_trim_smithing_template":4,"minecraft:tripwire_hook":2,"minecraft:jungle_log":36,"minecraft:leather":4,"minecraft:cut_sandstone":14,"minecraft:potato":4,"minecraft:smooth_sandstone_stairs":12,"minecraft:gunpowder":5,"minecraft:dirt":262,"minecraft:orange_terracotta":3,"minecraft:smooth_sandstone":6,"minecraft:bone":9,"minecraft:wheat_seeds":13,"minecraft:iron_ingot":26,"minecraft:bamboo":30,"minecraft:book":1,"minecraft:sand":195,"minecraft:loom":2,"minecraft:dead_bush":2,"minecraft:cyan_bed":6,"minecraft:chiseled_sandstone":1,"minecraft:dark_oak_log":6,"minecraft:crossbow":1,"minecraft:bread":11,"minecraft:emerald":8,"minecraft:terracotta":6,"minecraft:oak_sapling":5},"minecraft:killed":{"minecraft:spider":1,"minecraft:pig":2,"minecraft:iron_golem":7,"minecraft:creeper":1,"minecraft:sheep":11,"minecraft:zombie":1,"minecraft:cow":2}},"DataVersion":3953}