{"stats":{"minecraft:picked_up":{"minecraft:jungle_log":13,"minecraft:bamboo":1,"minecraft:oak_sapling":1},"minecraft:custom":{"minecraft:jump":53,"minecraft:time_since_rest":4386,"minecraft:crouch_one_cm":131,"minecraft:sprint_one_cm":4606,"minecraft:leave_game":2,"minecraft:play_time":4386,"minecraft:damage_taken":40,"minecraft:time_since_death":4386,"minecraft:walk_one_cm":4138,"minecraft:sneak_time":21,"minecraft:total_world_time":4386,"minecraft:fall_one_cm":2130,"minecraft:fly_one_cm":7591},"minecraft:used":{"minecraft:oak_sapling":1}},"DataVersion":3953}