{"stats":{"minecraft:dropped":{"minecraft:wooden_pickaxe":1},"minecraft:killed_by":{"minecraft:zombie":1},"minecraft:killed":{"minecraft:sheep":1},"minecraft:picked_up":{"minecraft:crafting_table":1,"minecraft:jungle_log":13,"minecraft:oak_log":6,"minecraft:dirt":3,"minecraft:bamboo":1,"minecraft:oak_sapling":1,"minecraft:mutton":1,"minecraft:white_wool":1,"minecraft:cobblestone":20},"minecraft:mined":{"minecraft:crafting_table":1,"minecraft:short_grass":1,"minecraft:grass_block":1,"minecraft:oak_log":6,"minecraft:dirt":2,"minecraft:stone":20,"minecraft:oak_leaves":3,"minecraft:fern":1},"minecraft:custom":{"minecraft:time_since_rest":1011,"minecraft:sprint_one_cm":25956,"minecraft:damage_taken":245,"minecraft:walk_one_cm":25053,"minecraft:mob_kills":1,"minecraft:drop":1,"minecraft:damage_dealt":80,"minecraft:interact_with_crafting_table":2,"minecraft:swim_one_cm":2165,"minecraft:fly_one_cm":35273,"minecraft:crouch_one_cm":1671,"minecraft:play_time":13433,"minecraft:deaths":1,"minecraft:sneak_time":942,"minecraft:walk_under_water_one_cm":168,"minecraft:jump":231,"minecraft:leave_game":3,"minecraft:walk_on_water_one_cm":195,"minecraft:time_since_death":959,"minecraft:total_world_time":13433,"minecraft:fall_one_cm":7834},"minecraft:used":{"minecraft:jungle_log":4,"minecraft:wooden_pickaxe":20,"minecraft:stone_axe":4,"minecraft:dirt":1,"minecraft:crafting_table":1,"minecraft:oak_sapling":1},"minecraft:crafted":{"minecraft:oak_planks":24,"minecraft:crafting_table":1,"minecraft:stick":8,"minecraft:wooden_pickaxe":1,"minecraft:stone_pickaxe":1,"minecraft:stone_sword":1,"minecraft:stone_axe":1}},"DataVersion":3953}